id,title,score,num_comments,created_utc,permalink
1nmdhrp,Sunday Daily Thread: What's everyone working on this week?,2,3,2025-09-21T00:00:32,https://www.reddit.com/r/Python/comments/1nmdhrp/sunday_daily_thread_whats_everyone_working_on/
1nljibj,Saturday Daily Thread: Resource Request and Sharing! Daily Thread,3,1,2025-09-20T00:00:30,https://www.reddit.com/r/Python/comments/1nljibj/saturday_daily_thread_resource_request_and/
1nmuy7t,Python 3.13 is 10% slower than 3.12 for my file parser,209,54,2025-09-21T15:28:59,https://www.reddit.com/r/Python/comments/1nmuy7t/python_313_is_10_slower_than_312_for_my_file/
1nmta0f,I built a full programming language interpreter in Python based on a meme,54,9,2025-09-21T14:22:42,https://www.reddit.com/r/Python/comments/1nmta0f/i_built_a_full_programming_language_interpreter/
1nmycfj,Do you find it helpful to run Sphinx reStructuredText/Markdown in a browser?,8,5,2025-09-21T17:41:14,https://www.reddit.com/r/Python/comments/1nmycfj/do_you_find_it_helpful_to_run_sphinx/
1nn2o95,Best Jupyter TUI,2,8,2025-09-21T20:26:39,https://www.reddit.com/r/Python/comments/1nn2o95/best_jupyter_tui/
1nmo8hl,pyya - integrate YAML configurations with your code easily,12,0,2025-09-21T10:12:02,https://www.reddit.com/r/Python/comments/1nmo8hl/pyya_integrate_yaml_configurations_with_your_code/
1nmgr3q,super lightweight stateful flow,20,0,2025-09-21T02:45:39,https://www.reddit.com/r/Python/comments/1nmgr3q/super_lightweight_stateful_flow/
1nmio5b,duvc-ctl Windows library for UVC camera control and Property control,5,0,2025-09-21T04:30:25,https://www.reddit.com/r/Python/comments/1nmio5b/duvcctl_windows_library_for_uvc_camera_control/
1nn3pkv,Python doesn't write bson,0,12,2025-09-21T21:07:09,https://www.reddit.com/r/Python/comments/1nn3pkv/python_doesnt_write_bson/
1nlze8r,Tines API Wrapper,20,14,2025-09-20T14:18:42,https://www.reddit.com/r/Python/comments/1nlze8r/tines_api_wrapper/
1nmu5pn,senior junior talks,0,2,2025-09-21T14:58:04,https://www.reddit.com/r/Python/comments/1nmu5pn/senior_junior_talks/
1nmq30k,Licensing Platform for Fintech Software Website Sync?,0,2,2025-09-21T11:59:55,https://www.reddit.com/r/Python/comments/1nmq30k/licensing_platform_for_fintech_software_website/
1nm04o4,Cosmic Django: Architecture Patterns,6,1,2025-09-20T14:48:16,https://www.reddit.com/r/Python/comments/1nm04o4/cosmic_django_architecture_patterns/
1nllur9,Why isn't the copy() method part of the Sequence and MutableSequence ABCs?,39,26,2025-09-20T01:55:01,https://www.reddit.com/r/Python/comments/1nllur9/why_isnt_the_copy_method_part_of_the_sequence_and/
1nltf58,"Scintilla, Qt and alternative text editor widgets",6,12,2025-09-20T09:10:44,https://www.reddit.com/r/Python/comments/1nltf58/scintilla_qt_and_alternative_text_editor_widgets/
1nlw9dz,"it's not always about django vs fastapi/flask, you can use both",3,11,2025-09-20T11:56:18,https://www.reddit.com/r/Python/comments/1nlw9dz/its_not_always_about_django_vs_fastapiflask_you/
1nl0x1p,FYI: PEP 2026 (CalVer) was shot down back in February - no jumping from 3.14.y to 3.25.y or 2025.x.y,138,42,2025-09-19T11:24:52,https://www.reddit.com/r/Python/comments/1nl0x1p/fyi_pep_2026_calver_was_shot_down_back_in/
1nlqcrz,Weird event loop/closure error?,2,2,2025-09-20T05:59:11,https://www.reddit.com/r/Python/comments/1nlqcrz/weird_event_loopclosure_error/
1nl9f0h,I just released reaktiv v0.19.2 with LinkedSignals! Let me explain what Signals even are,18,9,2025-09-19T17:11:47,https://www.reddit.com/r/Python/comments/1nl9f0h/i_just_released_reaktiv_v0192_with_linkedsignals/
